key,raw_name,translation
atsuki,atsuki,
higurashi rin,higurashi rin,
nonsummerjack,nonsummerjack,
saku,saku,
ringo mitsuki,ringo mitsuki,
tyouduki maryou,tyouduki maryou,
tenshi myu,tenshi myu,
umeko j,umeko j,
glossy rabbit,glossy rabbit,
hoshilily,hoshilily,星之迟迟
hane ame,hane ame,雨波
chunmomo,chunmomo,蠢沫沫
kittyxkum,kittyxkum,
lenfried,lenfried,
yaokoututu,yaokoututu,黏黏团子兔
indigo white,indigo white,
byoru,byoru,
kurupika,kurupika,
negoto hitsuji,negoto hitsuji,
velvet,velvet,
mikomi hokina,mikomi hokina,
comonun,comonun,
ai lei jiang,ai lei jiang,
okada yui,okada yui,
rocksy light,rocksy light,
lady melamori,lady melamori,
sachi budou,sachi budou,
usatame,usatame,
hidori rose,hidori rose,
shiro kitsune,shiro kitsune,
uyuy,uyuy,
alina becker,alina becker,
aery tiefling,aery tiefling,
mogu mogu cheeze,mogu mogu cheeze,
puypuychan,puypuychan,
caticornplay,caticornplay,
shirogane sama,shirogane sama,
kuukow,kuukow,
shaeunderscore,shaeunderscore,
kokuhui,kokuhui,145-yuuhui玉汇
poppachan,poppachan,
helly valentine,helly valentine,
hiyo nishizuku,hiyo nishizuku,
yuzupyon,yuzupyon,
lada lyumos,lada lyumos,
kalinka fox,kalinka fox,
nekokoyoshi,nekokoyoshi,爆机少女喵小吉
potato godzilla,potato godzilla,
kitty honey,kitty honey,
junkenstein,junkenstein,
wildhoney,wildhoney,
siao ding,siao ding,
sayo momo,sayo momo,
peachymilky,peachymilky,
satin stars,satin stars,
lovelyspacekitten,lovelyspacekitten,
cherry neko,cherry neko,
zinieq,zinieq,
rioko凉凉子,rioko凉凉子,
aninnyan,aninnyan,
erzuo nisa,erzuo nisa,♥ 二佐Nisa
okita rinka,okita rinka,
alina latypova,alina latypova,
himeecosplay,himeecosplay,
jessica nigri,jessica nigri,洁西卡·尼格瑞
queenie,queenie,
ely cosplay,ely cosplay,
luxlo,luxlo,
qiuhe keji,qiuhe keji,
pattie,pattie,
momokun,momokun,
arty huang,arty huang,Arty亚缇
mizhimaoqiu,mizhimaoqiu,
nyako,nyako,喵子nyako
carrykey,carrykey,
bambi,bambi,
mikomin,mikomin,
tanaka mana,tanaka mana,
megumi koneko,megumi koneko,
hua qi hana,hua qi hana,
chuchu nagomitei,chuchu nagomitei,
hana bunny,hana bunny,
aokotan,aokotan,
vinnegal,vinnegal,
mikehouse,mikehouse,
wen zai,wen zai,
sally dorasnow,sally dorasnow,
bunni lynn,bunni lynn,
yoshinobi,yoshinobi,
nikumikyo,nikumikyo,
natsume tsunarin,natsume tsunarin,
nagisa,nagisa,
yuki astra,yuki astra,
kitaro,kitaro,
evenink,evenink,
xansoon,xansoon,
rizuna,rizuna,
kaya huang,kaya huang,
g44 wa kizutsukanai,g44 wa kizutsukanai,
luo xiaoli miao,luo xiaoli miao,
joyce lin,joyce lin,
saotome love,saotome love,
miih cosplay,miih cosplay,
tokar,tokar,
xidaidai,xidaidai,喜呆呆
candy ball,candy ball,
titi,titi,
katyuska moonfox,katyuska moonfox,
busy b,busy b,
tsuki desu,tsuki desu,
erokawa nekomi,erokawa nekomi,
minaduki miri,minaduki miri,
virtual geisha,virtual geisha,
mik allen,mik allen,
lmusicl,lmusicl,
kokura chiyo,kokura chiyo,
ino cosplay,ino cosplay,
banbanko,banbanko,
guaxichan,guaxichan,
foxy cosplay,foxy cosplay,
alin ma,alin ma,
belle delphine,belle delphine,
octokuro,octokuro,
donnaloli,donnaloli,
mianbing xianer,mianbing xianer,
jiuqujean,jiuqujean,
bunny ayumi,bunny ayumi,
erojolene,erojolene,
shimo,shimo,
shizuku honami,shizuku honami,
hokunaimeko,hokunaimeko,
zirael rem,zirael rem,
alycia elvie,alycia elvie,
hackee,hackee,
ri care,ri care,
pingping,pingping,
lera himera,lera himera,
ana chuu,ana chuu,
minichu,minichu,
makachan,makachan,
beke jacoba,beke jacoba,
jean wanwan,jean wanwan,
danielle vedovelli,danielle vedovelli,
destiny,destiny,
sunnyvier,sunnyvier,
korpsekitten,korpsekitten,
shimizu yuno,shimizu yuno,
oichi,oichi,
jill,jill,
bukkit brown,bukkit brown,
elizamiaomiao,elizamiaomiao,
rinnie riot,rinnie riot,
baozoumoziaa,baozoumoziaa,
yaoyaoqwq,yaoyaoqwq,
domi versailles,domi versailles,
yurikodxd,yurikodxd,
misswarmj,misswarmj,
peachtot,peachtot,
marigabii,marigabii,
neppu,neppu,
azami,azami,
necoco,necoco,
mirikashi,mirikashi,
sweetie fox,sweetie fox,
tenleid,tenleid,
kobaebeefboo,kobaebeefboo,
tiny asa,tiny asa,
melondoki,melondoki,
natylikespizza,natylikespizza,
shadory,shadory,
aluctoria,aluctoria,
son yeeun,son yeeun,
baoyeshituniang,baoyeshituniang,
kanami酱,kanami酱,
nagisa mk02,nagisa mk02,
purinpuppy,purinpuppy,
kitami eri,kitami eri,
hatori sama,hatori sama,
aliceholic,aliceholic,
mimmi,mimmi,
messie huang,messie huang,
xue qi-sama,xue qi-sama,
sameki,sameki,
kitsune foreplay,kitsune foreplay,
poison2mui,poison2mui,
rusty fawkes,rusty fawkes,
kyonatix,kyonatix,
kirikocelia,kirikocelia,
yureta,yureta,
alice delish,alice delish,
bonn1ethebunny,bonn1ethebunny,
felicia vox,felicia vox,
kyokoyaki,kyokoyaki,
kayla erin,kayla erin,
neyrodesu,neyrodesu,
ayame,ayame,
lilasein,lilasein,
xia xia zi,xia xia zi,Natsuko夏夏子
alcololi,alcololi,
dira,dira,
reng,reng,
blacqkl,blacqkl,白莉爱吃巧克力
shika xiaolu lu,shika xiaolu lu,
aleksandra bodler,aleksandra bodler,
xing lan,xing lan,
alice bong,alice bong,
omimi,omimi,
xiaoying,xiaoying,
shuran nyama,shuran nyama,
momoko,momoko,
monoki chan,monoki chan,
meggii,meggii,
bishoujomom,bishoujomom,
kizokukai,kizokukai,
gumiho,gumiho,
puddingu,puddingu,
linneas life,linneas life,
kaneko 咔喵,kaneko 咔喵,
broccoli,broccoli,
annchirisu,annchirisu,
bili bili,bili bili,
peachuu,peachuu,
menmentan,menmentan,
serinide,serinide,
lostwind10,lostwind10,
sushibunniii,sushibunniii,
kqueentsun,kqueentsun,
quackiess,quackiess,
chameleahn,chameleahn,
meenfox,meenfox,
otterother,otterother,
thelittlevampyr,thelittlevampyr,
tsunnyanchan,tsunnyanchan,
keekihime,keekihime,
lunana,lunana,
ulichan,ulichan,
pyoncos,pyoncos,
seele麦麦,seele麦麦,
yorkie w,yorkie w,
twoyun,twoyun,
tokiwa,tokiwa,
kururin,kururin,
nawo019,nawo019,
chengzimiaoj,chengzimiaoj,
wanderlustluca,wanderlustluca,
ririkana,ririkana,
yangyi,yangyi,
miyoki,miyoki,
yuyunte,yuyunte,
rin city,rin city,
lana rain,lana rain,
victoria lirell,victoria lirell,
michi kyunn,michi kyunn,
molly red wolf,molly red wolf,
dio sixx,dio sixx,
petapetahnnuu,petapetahnnuu,
striderscribe,striderscribe,
ying tze,ying tze,
evil overlord gabo,evil overlord gabo,
toxicosplays,toxicosplays,
darksoulslover,darksoulslover,
alexis lust,alexis lust,
asagiri ai,asagiri ai,
misaki sai,misaki sai,
akane araragi,akane araragi,
nan tao momoko,nan tao momoko,
razor candi,razor candi,
kurasaka kururu,kurasaka kururu,
hinata2000,hinata2000,向日君
kaya nilson,kaya nilson,
enji night,enji night,
hirariann,hirariann,
shizuka kawa,shizuka kawa,
zhou ji,zhou ji,
money冷冷,money冷冷,
minty,minty,
sarah carvalho,sarah carvalho,
vamplette,vamplette,
yuzu chan,yuzu chan,
meriol,meriol,
hitomi locks,hitomi locks,
giovanna campomar,giovanna campomar,
niniitard,niniitard,
anastasia komori,anastasia komori,
uri,uri,
anna aifert,anna aifert,
winnie小雪,winnie小雪,
velvet valerina,velvet valerina,
punk macarroni,punk macarroni,
nora fawn,nora fawn,
asagi kawaii,asagi kawaii,
yuki teyi,yuki teyi,
agflower,agflower,
sweetieline,sweetieline,
sadako momo,sadako momo,
sugashi,sugashi,
tomoyo酱,tomoyo酱,
yamisung,yamisung,
yurihime,yurihime,
elle.chu,elle.chu,
akakumiu,akakumiu,
ezy summers,ezy summers,
machi,machi,
nookkizz,nookkizz,
miko酱ww,miko酱ww,
sladkoslava,sladkoslava,
gremlynne,gremlynne,
xiaoyao yaoyao,xiaoyao yaoyao,
mimsy,mimsy,
miyinyin,miyinyin,
caomeiyuyi,caomeiyuyi,
waifu korra,waifu korra,
mime弥美,mime弥美,
shiraga yanko,shiraga yanko,
pulaylummy,pulaylummy,
qiqi nanazi,qiqi nanazi,
hologana,hologana,
tina很妖孽呀,tina很妖孽呀,
occultmage,occultmage,
chono black,chono black,
sophie valentine,sophie valentine,
todopokie,todopokie,
monamisa,monamisa,
olyashaa,olyashaa,
yuumeilyn,yuumeilyn,
miyamoto sakura,miyamoto sakura,
vixence,vixence,
lizyhsan,lizyhsan,
jun ye tako,jun ye tako,
mad roxy,mad roxy,
astasiadream,astasiadream,
celebi,celebi,
masako yume,masako yume,
pialoof,pialoof,
neroko kaigan,neroko kaigan,
fox tsai-shen,fox tsai-shen,
rizzy,rizzy,
nymph princess,nymph princess,
dal,dal,
ravvcoser,ravvcoser,
yoko宅夏,yoko宅夏,
littlejem,littlejem,
epicinternetgf,epicinternetgf,
andrasta,andrasta,
zalaria,zalaria,
zephyr cat,zephyr cat,
yuffie yulan,yuffie yulan,
noi oogami,noi oogami,
at鲨,at鲨,
mimi-chan,mimi-chan,
dessyy,dessyy,
suna bunny,suna bunny,
kittyklaw,kittyklaw,
rithe,rithe,
hachi小芭,hachi小芭,
fantastic nami,fantastic nami,
xhemyd,xhemyd,
christina volkova,christina volkova,
duckie,duckie,
menruinyanko,menruinyanko,
arya,arya,
asami gate,asami gate,
xiaoyukiko,xiaoyukiko,XIAOYU · 小鱼KIKO (
axilirator,axilirator,
kimu,kimu,
petrafyed,petrafyed,
remukira,remukira,
fatiaoliii,fatiaoliii,
kelly jean,kelly jean,
kerocchi,kerocchi,
win winry,win winry,
yuna,yuna,
candylion,candylion,
yura,yura,
katie westwood,katie westwood,
marinyan,marinyan,
evawxsh,evawxsh,
sushiflavoredmilk,sushiflavoredmilk,
roxolana ridel,roxolana ridel,
saya the fox,saya the fox,
coralea jade,coralea jade,
kitkat,kitkat,
roxii cosplay,roxii cosplay,
itscandycloud,itscandycloud,
ninja阿寨寨,ninja阿寨寨,
kisaragiash,kisaragiash,如月灰 (
shibuya kaho,shibuya kaho,
chizu,chizu,
asmr shanny,asmr shanny,
pinkchyu,pinkchyu,
kawaii fox,kawaii fox,
dreamlikeuwu,dreamlikeuwu,
kitsukanna,kitsukanna,
riribonni,riribonni,
minto nii,minto nii,
shiroluxx,shiroluxx,
rolyatistaylor,rolyatistaylor,
frauleinmilk,frauleinmilk,
vasiliel,vasiliel,
coco,coco,
himari,himari,
chibella chan,chibella chan,
nana kuronoma,nana kuronoma,
wanco chan,wanco chan,
aoy queen,aoy queen,
maria nagai,maria nagai,
morgan le foy,morgan le foy,
happy manek,happy manek,
una cosplayer,una cosplayer,
mashiro cosplay,mashiro cosplay,
cien,cien,
shermie,shermie,
maou mo,maou mo,
puppiloli,puppiloli,
miorin,miorin,
mikasa rino,mikasa rino,
kawayami,kawayami,
lex kuma,lex kuma,
yoursmalldoll,yoursmalldoll,
generic egirl,generic egirl,
tepes harin,tepes harin,
yuii chan,yuii chan,
lingchuanqian,lingchuanqian,
kainosaurus,kainosaurus,
yudan,yudan,
envy anne,envy anne,
sandykuroneko,sandykuroneko,
sexyflowerwater,sexyflowerwater,
sugarybunny,sugarybunny,
catziilla,catziilla,
shibachipipa,shibachipipa,
oniksiya,oniksiya,
littlespoonz,littlespoonz,
miu cosplayer,miu cosplayer,
yuan herong,yuan herong,
sailor scholar,sailor scholar,
zoe volf,zoe volf,
yanyan bonnie,yanyan bonnie,
lyvlas,lyvlas,
morphia,morphia,
wendydydydy,wendydydydy,
saya scarlet,saya scarlet,
tartetatin,tartetatin,
erodaicon,erodaicon,
rynkerbelle,rynkerbelle,
maria desu,maria desu,
plebita-chan,plebita-chan,
yuriko tiger,yuriko tiger,
niannian d,niannian d,
akariia,akariia,
rachel ackerman,rachel ackerman,
nnnnekochan,nnnnekochan,
oki-cospi,oki-cospi,
kiyo,kiyo,
alex zedra,alex zedra,
halo_酱,Halo_酱,
lightz,lightz,
mochidoll,mochidoll,
senya miku,senya miku,
sunny ray,sunny ray,
meikoui,meikoui,
seya狮砸,seya狮砸,
plant lily,plant lily,
nene,nene,
milena hime,milena hime,
tenletters,tenletters,
ming miho,ming miho,
sarah miller,sarah miller,
sneesnaw,sneesnaw,
riria,riria,
syanne,syanne,
shinsaki mayu,shinsaki mayu,
saizneko,saizneko,
giada robin,giada robin,
micro kitty,micro kitty,
valentina kryp,valentina kryp,
b站,b站,
miniyeou,miniyeou,
sneaky,sneaky,
kettoe,kettoe,
linzi jiang,linzi jiang,
cmiiu,cmiiu,
kamkam,kamkam,
felvelial,felvelial,
hakaosan,hakaosan,
ceo of gothicc,ceo of gothicc,
chisai cosplay,chisai cosplay,
robotzngutz,robotzngutz,
silverxhere,silverxhere,
webtolove,webtolove,
tina kinz,tina kinz,
muatori,muatori,
oni hitomi,oni hitomi,
mirin shu,mirin shu,
aniela verbin,aniela verbin,
nyeupe,nyeupe,
saiwari ph,saiwari ph,
nightlight,nightlight,
yua hentai,yua hentai,
myua,myua,
sleepybunny,sleepybunny,
waifugummy,waifugummy,
noihslxy,noihslxy,
wonni,wonni,
